{"cameraMode":{"drawMode":0,"name":"Shaded","section":"Shading Mode"},"sceneLighting":false,"audioPlay":false,"sceneViewState":{"showFog":true,"showMaterialUpdate":true,"showSkybox":false,"showFlares":true,"showImageEffects":true,"showParticleSystems":true},"in2DMode":false,"pivot":{"x":3.2830100059509279,"y":3.453356981277466,"z":-11.295994758605957},"rotation":{"x":-0.5269231796264648,"y":0.013028266839683056,"z":-0.008098120801150799,"w":-0.8498699069023132},"size":4.986819744110107,"orthographic":false}