{"cameraMode":{"drawMode":0,"name":"Shaded","section":"Shading Mode"},"sceneLighting":false,"audioPlay":false,"sceneViewState":{"showFog":true,"showMaterialUpdate":true,"showSkybox":false,"showFlares":true,"showImageEffects":true,"showParticleSystems":true},"in2DMode":false,"pivot":{"x":5.924336910247803,"y":-0.5416942238807678,"z":-7.1015625},"rotation":{"x":-0.15933455526828767,"y":-0.21058039367198945,"z":0.03480864316225052,"w":-0.9638760089874268},"size":6.885270118713379,"orthographic":false}