{"cameraMode":{"drawMode":0,"name":"Shaded","section":"Shading Mode"},"sceneLighting":true,"audioPlay":false,"sceneViewState":{"showFog":true,"showMaterialUpdate":true,"showSkybox":true,"showFlares":true,"showImageEffects":true,"showParticleSystems":true},"in2DMode":false,"pivot":{"x":-1.0840290784835816,"y":15.23372745513916,"z":32.68730926513672},"rotation":{"x":-0.018023677170276643,"y":0.9814717173576355,"z":-0.1498420089483261,"w":-0.118050716817379},"size":2.3681108951568605,"orthographic":false}