{"cameraMode":{"drawMode":0,"name":"Shaded","section":"Shading Mode"},"sceneLighting":false,"audioPlay":false,"sceneViewState":{"showFog":true,"showMaterialUpdate":true,"showSkybox":false,"showFlares":true,"showImageEffects":true,"showParticleSystems":true},"in2DMode":false,"pivot":{"x":-11.803488731384278,"y":2.034792423248291,"z":1.8155124187469483},"rotation":{"x":0.17864753305912019,"y":0.7610259056091309,"z":-0.23541559278964997,"w":0.5775341391563416},"size":0.49999290704727175,"orthographic":false}