{"cameraMode":{"drawMode":0,"name":"Shaded","section":"Shading Mode"},"sceneLighting":false,"audioPlay":false,"sceneViewState":{"showFog":true,"showMaterialUpdate":true,"showSkybox":false,"showFlares":true,"showImageEffects":true,"showParticleSystems":true},"in2DMode":false,"pivot":{"x":-0.078948974609375,"y":0.7440000176429749,"z":-11.472074508666993},"rotation":{"x":-0.1275806874036789,"y":0.7470775842666626,"z":-0.15012913942337037,"w":-0.6348697543144226},"size":1.112192988395691,"orthographic":false}